bucket,rank,ticker,name,group,layer,close,ret5_pct,ret20_pct,volume_ratio20,setup_score,risk_score,spec_risk_label,signals,score_band,atr_pct,_research_score,_action,_reason,pe,pbr,dividend_yield,revenue_yoy_pct,eps_ttm,eps_yoy_pct,roe_pct,gross_margin_pct,operating_margin_pct,debt_to_equity_pct,current_ratio,free_cashflow_ttm,quality_score,value_score,fundamental_action,fundamental_reason,fundamental_data_status
low_price_health,18,2374.TW,佳能,theme,short_attack,79.7,6.27,15.67,0.97,10,0,正常,NONE,進攻優勢區,4.4,24.63,優先研究,量能未過熱,32.8,3.22,2.26,62.53280267892303,2.52,,9.062835125505424,21.66969813522746,8.173522218987058,49.16345570254105,1.527740982968096,-1214950000.0,3.0,0.0,品質觀察,EPS TTM>0、營收YoY正、負債權益可控,ok
low_price_health,29,2388.TW,威盛,theme,short_attack,75.6,5.73,38.46,0.86,9,3,正常,TREND,進攻優勢區,8.35,19.35,等拉回確認,趨勢成立、量能未過熱,630.0,1.97,0.26,69.39665201994197,0.1200000000000001,,0.4025423700928563,20.64491347149596,-8.169798391554233,57.68450194984271,2.1359301446671553,-3023864000.0,3.0,1.0,品質觀察,EPS TTM>0、營收YoY正、負債權益可控,ok
low_price_health,45,2312.TW,金寶,theme,short_attack,28.55,0.0,27.17,0.73,8,1,正常,TREND,進攻優勢區,6.91,19.1,等拉回確認,趨勢成立、量能未過熱,27.45,1.89,2.1,-13.071186928393796,1.05,,5.870403860560885,5.359357788421824,1.6579748409387147,222.8409745456981,1.1796058846996829,14933368000.0,2.0,1.0,資料/品質不足,EPS TTM>0、FCF TTM>0,ok
low_price_health,43,2399.TW,映泰,theme,short_attack,43.5,1.87,14.62,0.78,8,2,正常,TREND,進攻優勢區,7.37,13.76,等拉回確認,趨勢成立、量能未過熱,290.0,3.52,0.0,-21.650040282451062,0.15,,1.1886640706291831,8.39981789353051,-12.66519097631046,19.293617291972428,5.6060810456144035,-289090000.0,2.0,0.0,資料/品質不足,EPS TTM>0、負債權益可控,ok
quality_value_research,13,6161.TWO,捷波,satellite,quality_value,44.0,6.54,9.05,1.77,12,0,正常,TREND,進攻優勢區,2.45,25.81,優先研究,趨勢成立,14.77,1.81,5.0,40.76126498759132,2.97,45.61403508771931,12.280848331874887,35.97540887331731,11.519212533911634,33.567051139420116,2.908213319157162,288540000.0,5.0,4.0,品質價值優先,EPS TTM>0、營收YoY正、ROE>=12%、負債權益可控、FCF TTM>0,ok
quality_value_research,5,4995.TWO,晶達,satellite,quality_value,45.5,7.82,11.52,2.09,13,2,正常,TREND,進攻優勢區,2.4,25.3,優先研究,趨勢成立,16.67,2.13,4.38,22.746081974273036,2.73,94.23076923076924,12.736618243828996,33.133135173060296,12.744073387230598,95.4345435750671,1.5512731538047997,184490000.0,5.0,4.0,品質價值優先,EPS TTM>0、營收YoY正、ROE>=12%、負債權益可控、FCF TTM>0,ok
quality_value_research,17,8261.TW,富鼎,satellite,quality_value,128.0,7.56,17.97,1.75,10,1,正常,TREND,進攻優勢區,5.69,21.61,優先研究,趨勢成立,21.92,2.49,3.91,5.255099392744067,5.8500000000000005,8.275862068965534,11.353978643571102,38.07482019175281,25.664116530842826,12.685725300197165,7.578973895850313,1651208000.0,4.0,3.0,品質價值優先,EPS TTM>0、營收YoY正、負債權益可控、FCF TTM>0,ok
quality_value_research,11,3213.TWO,茂訊,satellite,quality_value,114.5,8.53,9.57,3.64,12,3,正常,"TREND,ACCEL",進攻優勢區,2.25,20.41,優先研究,趨勢成立,15.99,1.68,6.11,23.87682177701047,7.16,-8.48056537102474,10.792336266331052,35.974163818635944,24.498922805894978,29.525383505604445,4.192591175720479,1028258000.0,4.0,4.0,品質價值優先,EPS TTM>0、營收YoY正、負債權益可控、FCF TTM>0,ok
quality_value_research,16,3034.TW,聯詠,satellite,quality_value,453.0,10.89,15.71,1.47,10,2,正常,"TREND,ACCEL",進攻優勢區,3.04,20.14,優先研究,趨勢成立,18.57,3.83,5.08,-9.640240714461,24.41,-28.4393063583815,20.647089029466557,39.0571728527382,17.401137500770673,44.12586146263445,3.637430758672246,35732416000.0,4.0,2.0,品質價值優先,EPS TTM>0、ROE>=12%、負債權益可控、FCF TTM>0,ok
quality_value_research,91,6751.TWO,智聯服務,satellite,quality_value,51.0,-1.73,0.79,0.69,3,0,正常,PULLBACK,一般觀察,2.37,8.66,暫不急,回檔中、量能未過熱,9.83,1.25,5.88,8.76305224736078,5.1899999999999995,-6.25,14.479565255975904,10.81040750696912,2.4749295518785805,48.7974065702309,1.740678923404991,-284307000.0,4.0,4.0,品質價值優先,EPS TTM>0、營收YoY正、ROE>=12%、負債權益可控,ok
quality_value_research,92,5288.TW,豐祥-KY,satellite,quality_value,153.5,-9.97,8.48,0.6,3,0,正常,NONE,一般觀察,5.12,8.11,暫不急,量能未過熱,12.76,1.75,4.23,23.064942030779378,12.07,-5.026455026455023,13.6629991738692,23.239574312211474,14.464748791321286,33.266057150449235,2.368604482283711,1649376000.0,5.0,4.0,品質價值優先,EPS TTM>0、營收YoY正、ROE>=12%、負債權益可控、FCF TTM>0,ok
quality_value_research,86,6776.TW,展碁國際,satellite,quality_value,57.8,0.52,-2.69,1.18,3,0,正常,PULLBACK,一般觀察,3.04,7.96,暫不急,回檔中、量能未過熱,14.38,2.0,5.19,23.93277599741157,4.33,12.87128712871286,12.14339490713738,6.2607588054633165,2.0635698958453164,292.434850784629,1.0710600252419775,-1520646000.0,3.0,4.0,可研究但需確認,EPS TTM>0、營收YoY正、ROE>=12%,ok
quality_value_research,40,4966.TWO,譜瑞-KY,satellite,quality_value,609.0,7.22,27.41,1.18,8,0,正常,TREND,進攻優勢區,5.21,22.84,等拉回確認,趨勢成立、量能未過熱,18.81,2.1,2.9,-3.772481745016421,33.05,-19.212410501193332,11.647437192343205,40.29774917325316,13.531829440258422,16.357509808728395,4.976031194123503,7637952000.0,3.0,2.0,可研究但需確認,EPS TTM>0、負債權益可控、FCF TTM>0,ok
quality_value_research,3,6292.TWO,迅德,satellite,quality_value,50.8,11.04,12.89,3.09,14,4,正常,"REBREAK,TREND,ACCEL",進攻優勢區,3.8,22.58,等拉回確認,趨勢成立、風險=正常,21.43,2.22,3.54,43.63922279378449,2.37,102.77777777777776,10.35457456768857,33.16183985182963,8.85011004649508,55.795095956221054,2.682681525091113,265112000.0,4.0,3.0,品質價值優先,EPS TTM>0、營收YoY正、負債權益可控、FCF TTM>0,ok
quality_value_research,31,3515.TW,華擎,satellite,quality_value,246.5,4.89,13.59,2.14,9,1,正常,"TREND,PULLBACK",進攻優勢區,2.83,20.22,等拉回確認,趨勢成立、回檔中,15.55,2.7,4.46,55.05934530985079,15.84,15.642458100558642,18.59245332408276,14.959497297712613,7.222219437511554,100.59323581755072,1.8585482003175129,4458760000.0,5.0,4.0,品質價值優先,EPS TTM>0、營收YoY正、ROE>=12%、負債權益可控、FCF TTM>0,ok
quality_value_research,39,1560.TW,中砂,satellite,quality_value,577.0,10.75,15.17,1.06,8,1,正常,TREND,進攻優勢區,5.08,18.98,等拉回確認,趨勢成立、量能未過熱,62.45,10.43,0.87,18.81566954135241,9.28,,16.454979083736912,34.18455959274485,15.494831955679322,56.18588909138246,2.5122286543897405,1853439000.0,5.0,0.0,品質佳但估值要等,EPS TTM>0、營收YoY正、ROE>=12%、負債權益可控、FCF TTM>0,ok
quality_value_research,25,3044.TW,健鼎,satellite,quality_value,500.0,10.13,35.14,0.81,9,4,投機偏高,TREND,進攻優勢區,5.44,17.22,等拉回確認,趨勢成立、量能未過熱、風險=投機偏高,25.71,4.86,2.54,24.38469392733016,19.45,,18.902334966980337,25.47109067688701,17.084837262649998,81.47220199890715,1.8040626954237455,18844046000.0,5.0,0.0,品質佳但估值要等,EPS TTM>0、營收YoY正、ROE>=12%、負債權益可控、FCF TTM>0,ok
quality_value_research,41,6996.TWO,力領科技,satellite,quality_value,189.0,6.78,18.35,1.34,8,2,正常,TREND,進攻優勢區,3.25,16.67,等拉回確認,趨勢成立,14.64,3.21,5.29,13.290175171363284,13.03,36.25000000000001,21.935885920921574,40.83033017394022,20.132208450508628,45.591474641612315,2.5263170725100896,1066054000.0,5.0,3.0,品質價值優先,EPS TTM>0、營收YoY正、ROE>=12%、負債權益可控、FCF TTM>0,ok
quality_value_research,42,3592.TW,瑞鼎,satellite,quality_value,242.5,2.75,8.02,1.28,8,1,正常,TREND,進攻優勢區,4.15,16.1,等拉回確認,趨勢成立,15.16,1.71,6.02,0.7300100819549016,16.0,-36.8595041322314,11.286345365469032,28.576507154154555,5.276860264096811,81.35826667323737,2.008390290083491,812417000.0,4.0,4.0,品質價值優先,EPS TTM>0、營收YoY正、負債權益可控、FCF TTM>0,ok
quality_value_research,30,5490.TWO,同亨,satellite,quality_value,28.5,5.56,5.95,2.07,9,2,正常,NONE,進攻優勢區,2.99,14.19,等拉回確認,進攻優勢區,17.81,1.86,5.26,32.930493486735756,1.64,-6.666666666666677,10.76295183525877,44.71199319535016,17.460958321519705,32.08769387608024,4.200793509950564,-383833000.0,3.0,4.0,可研究但需確認,EPS TTM>0、營收YoY正、負債權益可控,ok
quality_value_research,56,3008.TW,大立光,satellite,quality_value,2575.0,-0.77,12.94,0.67,7,0,正常,TREND,偏強可追蹤,4.56,18.09,觀察轉強,趨勢成立、量能未過熱,16.07,1.82,3.11,22.571433338979286,157.76,-3.417564208782098,11.35610314103511,49.40510788706104,37.39184547376529,21.3065263786351,4.0240069345553735,33301449000.0,4.0,4.0,品質價值優先,EPS TTM>0、營收YoY正、負債權益可控、FCF TTM>0,ok
quality_value_research,49,5299.TWO,杰力,satellite,quality_value,92.6,5.35,16.92,0.84,7,2,正常,TREND,偏強可追蹤,4.18,15.88,觀察轉強,趨勢成立、量能未過熱,19.17,1.49,3.95,-0.3048166586817169,4.84,18.705035971223015,7.773340116214773,34.473500426786686,13.179172809808334,23.072266124878745,2.8952805739208456,995874000.0,3.0,3.0,可研究但需確認,EPS TTM>0、負債權益可控、FCF TTM>0,ok
quality_value_research,57,3158.TWO,嘉實,satellite,quality_value,89.0,-1.11,-2.09,1.38,7,0,正常,PULLBACK,偏強可追蹤,1.52,14.58,觀察轉強,回檔中,13.26,2.5,7.3,,7.32,2.7397260273972712,18.86260882079175,63.927822008859806,20.881699798571272,36.83721599583766,2.7976943717494285,485121000.0,4.0,4.0,品質價值優先,EPS TTM>0、ROE>=12%、負債權益可控、FCF TTM>0,ok
quality_value_research,58,2450.TW,神腦,satellite,quality_value,29.7,-1.16,1.19,0.64,7,1,正常,BASE,偏強可追蹤,1.39,14.24,觀察轉強,量能未過熱,19.41,1.26,5.22,24.706899398336056,1.52,-44.44444444444444,6.443107957095432,9.670965582656075,0.7093877086292655,84.39882184925197,1.5997546669527984,1275245000.0,4.0,3.0,品質價值優先,EPS TTM>0、營收YoY正、負債權益可控、FCF TTM>0,ok
quality_value_research,67,3005.TW,神基,satellite,quality_value,99.1,0.92,-1.88,0.71,6,0,正常,"BASE,PULLBACK",偏強可追蹤,2.13,14.12,觀察轉強,回檔中、量能未過熱,11.8,2.36,6.85,-7.360786508806038,8.43,,18.642390111442243,31.024438147937488,14.3733597639243,71.08698013658233,2.079732572188908,8703393000.0,4.0,4.0,品質價值優先,EPS TTM>0、ROE>=12%、負債權益可控、FCF TTM>0,ok
quality_value_research,66,4953.TWO,緯軟,satellite,quality_value,122.5,3.38,2.08,1.05,6,0,正常,NONE,偏強可追蹤,2.83,13.92,觀察轉強,量能未過熱,13.23,2.05,4.08,32.947625173938235,9.26,53.64238410596025,15.92813872610458,14.23428146751612,5.720815584871043,53.361566530793525,2.6554326120950025,-368000000.0,4.0,4.0,品質價值優先,EPS TTM>0、營收YoY正、ROE>=12%、負債權益可控,ok
quality_value_research,76,3556.TWO,禾瑞亞,satellite,quality_value,52.3,1.16,14.19,1.14,5,0,正常,TREND,開始轉強,5.83,13.76,觀察轉強,趨勢成立、量能未過熱,17.91,2.95,3.73,-1.8463484034144773,2.9299999999999997,190.2439024390244,14.863487983112092,49.34487364842792,16.668445582950866,32.650865462778924,3.994509311017762,580899000.0,4.0,4.0,品質價值優先,EPS TTM>0、ROE>=12%、負債權益可控、FCF TTM>0,ok
quality_value_research,72,7753.TWO,星亞,satellite,quality_value,42.25,-3.76,3.55,0.63,6,0,正常,NONE,偏強可追蹤,5.25,13.04,觀察轉強,量能未過熱,10.23,1.83,3.55,,4.3,9.090909090909104,17.87573506895245,37.35988260710064,11.557392084131578,62.24855408325504,2.1478172461795944,-89078000.0,3.0,4.0,可研究但需確認,EPS TTM>0、ROE>=12%、負債權益可控,ok
quality_value_research,64,2441.TW,超豐,satellite,quality_value,93.4,6.26,-1.16,0.46,6,0,正常,NONE,偏強可追蹤,5.82,12.69,觀察轉強,量能未過熱,20.0,2.11,3.21,14.262927668526192,4.67,34.615384615384606,10.516864283060286,23.628816536872364,19.558422681617436,16.114126255896284,3.252024376896593,5361136000.0,4.0,3.0,品質價值優先,EPS TTM>0、營收YoY正、負債權益可控、FCF TTM>0,ok
quality_value_research,75,3168.TW,眾福科,satellite,quality_value,44.6,2.41,5.81,0.55,5,0,正常,NONE,開始轉強,2.98,12.66,觀察轉強,量能未過熱,16.64,2.08,6.73,7.766943408721683,2.65,7.14285714285714,10.547407130077444,22.809718740657267,6.785180415334728,58.63767015888968,1.9729747700830096,450937000.0,4.0,4.0,品質價值優先,EPS TTM>0、營收YoY正、負債權益可控、FCF TTM>0,ok
quality_value_research,78,5225.TW,東科-KY,satellite,quality_value,76.9,0.13,-4.0,0.76,5,0,正常,"BASE,PULLBACK",開始轉強,1.87,11.7,觀察轉強,回檔中、量能未過熱,8.31,1.93,9.38,-2.2478715752435208,9.3,-38.4,23.258548721916636,14.890384954780831,4.924606027213285,116.88407320347297,1.5709865466812465,970629000.0,4.0,4.0,品質價值優先,EPS TTM>0、ROE>=12%、負債權益可控、FCF TTM>0,ok
quality_value_research,80,6201.TW,亞弘電,satellite,quality_value,50.5,-0.98,1.0,0.75,5,0,正常,BASE,開始轉強,1.74,11.7,觀察轉強,量能未過熱,15.35,1.73,6.14,6.287906072174598,3.28,-40.186915887850475,11.234672800100522,23.471228562380983,10.420448862797803,41.798549796352425,2.900858579326681,903214000.0,4.0,4.0,品質價值優先,EPS TTM>0、營收YoY正、負債權益可控、FCF TTM>0,ok
quality_value_research,68,2347.TW,聯強,satellite,quality_value,83.9,0.72,3.45,0.99,6,1,正常,NONE,偏強可追蹤,2.75,11.69,觀察轉強,量能未過熱,14.59,1.78,5.01,84.40951000405572,5.76,60.90909090909089,12.515653839822129,4.296405548795907,2.6696096780782117,204.82098155907173,1.3213509942116697,32209795000.0,4.0,4.0,品質價值優先,EPS TTM>0、營收YoY正、ROE>=12%、FCF TTM>0,ok
quality_value_research,59,3679.TW,新至陞,satellite,quality_value,119.5,-2.05,-0.83,1.26,7,1,正常,NONE,偏強可追蹤,1.82,11.33,觀察轉強,偏強可追蹤,14.08,1.6,7.53,-8.886484927159955,8.489999999999998,-32.40506329113925,11.36945031487726,31.237216474672437,19.633450512606583,98.51210395839624,2.459937424080686,1381359000.0,3.0,4.0,可研究但需確認,EPS TTM>0、負債權益可控、FCF TTM>0,ok
quality_value_research,85,5203.TW,訊連,satellite,quality_value,65.2,1.72,3.33,1.04,4,0,正常,PULLBACK,開始轉強,2.88,11.17,觀察轉強,回檔中、量能未過熱,17.81,1.08,5.52,-10.80252252083791,3.68,3.875968992248069,6.070277263383296,84.50628188350584,13.430793359005284,28.579541585747876,2.734572379219369,-1389518000.0,2.0,4.0,資料/品質不足,EPS TTM>0、負債權益可控,ok
quality_value_research,81,6486.TWO,互動,satellite,quality_value,84.1,-1.29,-3.33,0.8,5,0,正常,BASE,開始轉強,2.19,10.83,觀察轉強,量能未過熱,15.78,2.46,7.13,6.58166914764049,5.32,-43.269230769230774,15.493736613375765,32.798770433577154,8.311627927000952,97.25474792241872,1.47219533893975,-124727000.0,4.0,4.0,品質價值優先,EPS TTM>0、營收YoY正、ROE>=12%、負債權益可控,ok
quality_value_research,74,6510.TWO,精測,satellite,quality_value,3730.0,2.75,8.59,0.88,5,0,正常,TREND,開始轉強,8.26,9.94,觀察轉強,趨勢成立、量能未過熱,109.42,12.47,0.41,30.215291950818845,34.09,54.51851851851852,11.284027819386752,56.770808008923034,29.262199551196193,34.82955469498006,6.1480694570267485,3543693000.0,4.0,0.0,品質佳但估值要等,EPS TTM>0、營收YoY正、負債權益可控、FCF TTM>0,ok
quality_value_research,79,2617.TW,台航,satellite,quality_value,29.8,0.0,-2.61,1.28,5,0,正常,NONE,開始轉強,1.62,9.48,觀察轉強,開始轉強,9.0,0.68,5.03,11.936981593470142,3.31,22.41379310344829,7.552858232655216,41.988768762948915,38.774623126012266,45.2039642410349,1.6722952586261957,3522805000.0,4.0,4.0,品質價值優先,EPS TTM>0、營收YoY正、負債權益可控、FCF TTM>0,ok
quality_value_research,62,2313.TW,華通,satellite,quality_value,249.5,8.48,-8.94,0.82,6,0,投機偏高,NONE,偏強可追蹤,7.36,7.06,觀察轉強,量能未過熱、風險=投機偏高,45.28,6.21,1.12,-2.861974380401855,5.51,,13.720229147266544,18.700751948962008,10.971290843576906,89.07644099253133,1.6658671591241534,9918096000.0,4.0,0.0,品質佳但估值要等,EPS TTM>0、ROE>=12%、負債權益可控、FCF TTM>0,ok
quality_value_research,10,2376.TW,技嘉,satellite,quality_value,309.0,13.39,26.38,2.08,12,3,投機偏高,"SURGE,TREND,ACCEL",進攻優勢區,3.55,16.78,過熱先等,趨勢成立、風險=投機偏高,16.98,3.5,3.88,74.8382741036844,18.19,,21.70729739732068,10.284108587342937,4.256093253425532,155.1105052789658,1.7075877902592314,11908926000.0,4.0,3.0,品質價值優先,EPS TTM>0、營收YoY正、ROE>=12%、FCF TTM>0,ok
quality_value_research,23,2345.TW,智邦,satellite,quality_value,2560.0,15.84,49.71,0.83,9,5,疑似炒作風險高,TREND,進攻優勢區,5.71,12.5,過熱先等,趨勢成立、量能未過熱、風險=疑似炒作風險高,,,,,,,,,,,,,,,,,
quality_value_research,24,2383.TW,台光電,satellite,quality_value,4960.0,11.71,56.47,0.81,9,7,疑似炒作風險高,TREND,高風險追價區,5.54,10.62,過熱先等,趨勢成立、量能未過熱、風險=疑似炒作風險高,,,,,,,,,,,,,,,,,
quality_value_research,19,4967.TW,十銓,satellite,quality_value,297.0,4.03,32.29,1.61,10,5,投機偏高,"SURGE,TREND,ACCEL",進攻優勢區,7.02,7.54,過熱先等,趨勢成立、風險=投機偏高,,,,,,,,,,,,,,,,,
quality_value_research,35,3088.TWO,艾訊,satellite,quality_value,124.0,22.17,46.4,1.05,8,7,疑似炒作風險高,TREND,高風險追價區,4.34,7.0,過熱先等,趨勢成立、量能未過熱、風險=疑似炒作風險高,,,,,,,,,,,,,,,,,
quality_value_research,9,6525.TW,捷敏-KY,satellite,quality_value,109.5,20.07,31.14,3.84,12,9,疑似炒作風險高,"SURGE,TREND,ACCEL",高風險追價區,4.43,2.73,過熱先等,趨勢成立、風險=疑似炒作風險高,,,,,,,,,,,,,,,,,
